sanction_strength,count,share
0,27,0.029605263157894735
1,41,0.044956140350877194
2,116,0.12719298245614036
3,9,0.009868421052631578
4,719,0.7883771929824561
